Major,Keyword
EMLV BACHELOR DIGITAL & INTERNATIONAL BUSINESS,Transformation digitale
EMLV BACHELOR DIGITAL & INTERNATIONAL BUSINESS,Marketing
EMLV BACHELOR DIGITAL & INTERNATIONAL BUSINESS,Business international
EMLV BACHELOR DIGITAL & INTERNATIONAL BUSINESS,Traitement de données
EMLV BACHELOR DIGITAL & INTERNATIONAL BUSINESS,Management SI
EMLV BACHELOR DIGITAL & INTERNATIONAL BUSINESS,Business Analyst
EMLV BACHELOR DIGITAL & INTERNATIONAL BUSINESS,stratégie d'internationalisation
EMLV BACHELOR DIGITAL & INTERNATIONAL BUSINESS,import-export
EMLV BACHELOR DIGITAL & INTERNATIONAL BUSINESS,e-commerce
EMLV BACHELOR DIGITAL & INTERNATIONAL BUSINESS,data analytics
EMLV BACHELOR DIGITAL & INTERNATIONAL BUSINESS,digital web
EMLV BACHELOR DIGITAL & INTERNATIONAL BUSINESS,SEO/SEA
EMLV BACHELOR DIGITAL & INTERNATIONAL BUSINESS,community management
EMLV BACHELOR DIGITAL & INTERNATIONAL BUSINESS,communication digitale
EMLV BACHELOR DIGITAL & INTERNATIONAL BUSINESS,marketing digital
EMLV MASTER FINANCE & CONTRÔLE DE GESTION,Comptabilité financière
EMLV MASTER FINANCE & CONTRÔLE DE GESTION,Gestion de trésorerie
EMLV MASTER FINANCE & CONTRÔLE DE GESTION,Politique financière de l’entreprise
EMLV MASTER FINANCE & CONTRÔLE DE GESTION,Banque et marchés financiers
EMLV MASTER FINANCE & CONTRÔLE DE GESTION,ERP & Outils de pilotage automatisés
EMLV MASTER FINANCE & CONTRÔLE DE GESTION,Performance Management
EMLV MASTER FINANCE & CONTRÔLE DE GESTION,Audit interne
EMLV MASTER FINANCE & CONTRÔLE DE GESTION,Risk Management et Compliance
EMLV MASTER FINANCE & CONTRÔLE DE GESTION,Analyse d'activité
EMLV MASTER FINANCE & CONTRÔLE DE GESTION,Gestion des flux / Pilotage processus budgétaire
EMLV MASTER FINANCE & CONTRÔLE DE GESTION,Contrôle de clôture comptables
EMLV MASTER FINANCE & CONTRÔLE DE GESTION,Audit inter et externe
EMLV MASTER NÉGOCIATION & MANAGEMENT DES AFFAIRES,Distribution retail et online
EMLV MASTER NÉGOCIATION & MANAGEMENT DES AFFAIRES,Pilotage de l’activité commerciale
EMLV MASTER NÉGOCIATION & MANAGEMENT DES AFFAIRES,Mécanismes et jeux de rôle de la négociation
EMLV MASTER NÉGOCIATION & MANAGEMENT DES AFFAIRES,Analyse marketing et stratégique
EMLV MASTER NÉGOCIATION & MANAGEMENT DES AFFAIRES,Digital business et CRM
EMLV MASTER NÉGOCIATION & MANAGEMENT DES AFFAIRES,BtoB marketing plan
EMLV MASTER NÉGOCIATION & MANAGEMENT DES AFFAIRES,Management des achats et de la logistique
EMLV MASTER NÉGOCIATION & MANAGEMENT DES AFFAIRES,International business strategy
EMLV MASTER NÉGOCIATION & MANAGEMENT DES AFFAIRES,Développement commercial
EMLV MASTER NÉGOCIATION & MANAGEMENT DES AFFAIRES,Négociation
EMLV MASTER NÉGOCIATION & MANAGEMENT DES AFFAIRES,Management d'équipe
EMLV MASTER DIGITAL MARKETING & DATA ANALYTICS,E-commerce Strategy
EMLV MASTER DIGITAL MARKETING & DATA ANALYTICS,Inbound marketing
EMLV MASTER DIGITAL MARKETING & DATA ANALYTICS,Statistics and data analysis
EMLV MASTER DIGITAL MARKETING & DATA ANALYTICS,Big Data Strategy
EMLV MASTER DIGITAL MARKETING & DATA ANALYTICS,Big Data Frameworks
EMLV MASTER DIGITAL MARKETING & DATA ANALYTICS,Machine Learning
EMLV MASTER DIGITAL MARKETING & DATA ANALYTICS,Gamification
EMLV MASTER DIGITAL MARKETING & DATA ANALYTICS,E-Business & IoT
EMLV MASTER DIGITAL MARKETING & DATA ANALYTICS,Création & Design
EMLV MASTER DIGITAL MARKETING & DATA ANALYTICS,Gestion de projet agile
EMLV MASTER DIGITAL MARKETING & DATA ANALYTICS,Management à l'ère du numérique
EMLV MASTER DIGITAL MARKETING & DATA ANALYTICS,Pilotage campagne de communication RS
EMLV MASTER DIGITAL MARKETING & DATA ANALYTICS,Stratégie marketing digital
EMLV MASTER MARKETING & EXPERIENCE CLIENT,Marketing 360°
EMLV MASTER MARKETING & EXPERIENCE CLIENT,Expérience client
EMLV MASTER MARKETING & EXPERIENCE CLIENT,Pilotage de l’offre produit
EMLV MASTER MARKETING & EXPERIENCE CLIENT,Management retail
EMLV MASTER MARKETING & EXPERIENCE CLIENT,Design thinking
EMLV MASTER MARKETING & EXPERIENCE CLIENT,E-commerce
EMLV MASTER MARKETING & EXPERIENCE CLIENT,Innovation
EMLV MASTER MARKETING & EXPERIENCE CLIENT,Négociation
EMLV MASTER MARKETING & EXPERIENCE CLIENT,Management de la supply chain
EMLV MASTER DIGITAL RH,Talent acquisition
EMLV MASTER DIGITAL RH,Ingénierie de formation
EMLV MASTER DIGITAL RH,Rémunération et performance
EMLV MASTER DIGITAL RH,SI-RH et e-RH
EMLV MASTER DIGITAL RH,Marketing RH digital
EMLV MASTER DIGITAL RH,Image employeur
EMLV MASTER DIGITAL RH,Négociation et relations partenaires
EMLV MASTER DIGITAL RH,Conflits sociaux
EMLV MASTER DIGITAL RH,Contrôle de gestion sociale
EMLV MASTER DIGITAL RH,RSE et éthique QVT
EMLV MASTER DIGITAL RH,Hygiène et Qualité
EMLV MASTER DIGITAL RH,Méthodes de recrutement avec IA
EMLV MASTER DIGITAL RH,Budgétisation RH
EMLV MASTER MANAGEMENT DES SYSTÈMES D'INFORMATION ET DES DATA,Finance for IT consultants
EMLV MASTER MANAGEMENT DES SYSTÈMES D'INFORMATION ET DES DATA,Audit of IT projects
EMLV MASTER MANAGEMENT DES SYSTÈMES D'INFORMATION ET DES DATA,Diagnostic financier des projets SI
EMLV MASTER MANAGEMENT DES SYSTÈMES D'INFORMATION ET DES DATA,Risk Management
EMLV MASTER MANAGEMENT DES SYSTÈMES D'INFORMATION ET DES DATA,Intelligence Artificielle Approfondie
EMLV MASTER MANAGEMENT DES SYSTÈMES D'INFORMATION ET DES DATA,Big Data Strategy
EMLV MASTER MANAGEMENT DES SYSTÈMES D'INFORMATION ET DES DATA,Blockchain for Businesses
EMLV MASTER MANAGEMENT DES SYSTÈMES D'INFORMATION ET DES DATA,SAP ERP
EMLV MASTER ACHATS & SUPPLY CHAIN MANAGEMENT,Process achat et sourcing
EMLV MASTER ACHATS & SUPPLY CHAIN MANAGEMENT,Stratégie des Achats et développement durable
EMLV MASTER ACHATS & SUPPLY CHAIN MANAGEMENT,Distribution
EMLV MASTER ACHATS & SUPPLY CHAIN MANAGEMENT,Techniques de négociation
EMLV MASTER ACHATS & SUPPLY CHAIN MANAGEMENT,Performance financière et tableaux de bord
EMLV MASTER ACHATS & SUPPLY CHAIN MANAGEMENT,International purchasing
EMLV MASTER ACHATS & SUPPLY CHAIN MANAGEMENT,Management opérations des transports et stockage de produits
ESILV MASTER INGENIERIE FINANCIERE,gestion des risques financiers
ESILV MASTER INGENIERIE FINANCIERE,règlementation bancaire
ESILV MASTER INGENIERIE FINANCIERE,gestion de portefeuilles
ESILV MASTER INGENIERIE FINANCIERE,deep pricing
ESILV MASTER INGENIERIE FINANCIERE,analyse de risques crédit et marché
ESILV MASTER INGENIERIE FINANCIERE,analyse
ESILV MASTER INGENIERIE FINANCIERE,Power BI
ESILV MASTER INGENIERIE FINANCIERE,VBA
ESILV MASTER INGENIERIE FINANCIERE,Business
ESILV MASTER INGENIERIE FINANCIERE,client
ESILV MASTER INGENIERIE FINANCIERE,Bâle
ESILV MASTER INGENIERIE FINANCIERE,IFRS
ESILV MASTER INGENIERIE FINANCIERE,SAP
ESILV MASTER INGENIERIE FINANCIERE,base de données
ESILV MASTER INGENIERIE FINANCIERE,KPI
ESILV MASTER INGENIERIE FINANCIERE,finance
ESILV MASTER INGENIERIE FINANCIERE,marché
ESILV MASTER INGENIERIE FINANCIERE,mathématiques
ESILV MASTER INGENIERIE FINANCIERE,informatique
ESILV MASTER INGENIERIE FINANCIERE,investisseur
ESILV MASTER INGENIERIE FINANCIERE,trader
ESILV MASTER INGENIERIE FINANCIERE,secteur de la banque
ESILV MASTER INGENIERIE FINANCIERE,ROME M1201
ESILV MASTER INGENIERIE FINANCIERE,analyste
ESILV MASTER INGENIERIE FINANCIERE,taux
ESILV MASTER INGENIERIE FINANCIERE,fluctuation
ESILV MASTER INGENIERIE FINANCIERE,intérêt
ESILV MASTER INGENIERIE FINANCIERE,change
ESILV MASTER INGENIERIE FINANCIERE,bancaire
ESILV MASTER INGENIERIE FINANCIERE,coursier
ESILV MASTER INGENIERIE FINANCIERE,bourse
ESILV MASTER INGENIERIE FINANCIERE,financements
ESILV MASTER INGENIERIE FINANCIERE,actifs
ESILV MASTER INGENIERIE FINANCIERE,société
ESILV MASTER INGENIERIE FINANCIERE,placements
ESILV MASTER INGENIERIE FINANCIERE,évolution du marché
ESILV MASTER INGENIERIE FINANCIERE,particulier
ESILV MASTER INGENIERIE FINANCIERE,financière
ESILV MASTER INGENIERIE FINANCIERE,trésorerie
ESILV MASTER INGENIERIE FINANCIERE,rigoureux
ESILV MASTER INGENIERIE FINANCIERE,micro
ESILV MASTER INGENIERIE FINANCIERE,macro
ESILV MASTER INGENIERIE FINANCIERE,économiques
ESILV MASTER INGENIERIE FINANCIERE,sociale
ESILV MASTER ACTUARIAT,méthodes actuarielles
ESILV MASTER ACTUARIAT,data science
ESILV MASTER ACTUARIAT,big data
ESILV MASTER ACTUARIAT,produits assurantiels
ESILV MASTER ACTUARIAT,droit des assurances
ESILV MASTER ACTUARIAT,concevoir et piloter les produits assurantiels
ESILV MASTER ACTUARIAT,risque
ESILV MASTER ACTUARIAT,client
ESILV MASTER ACTUARIAT,KPI
ESILV MASTER ACTUARIAT,base de données
ESILV MASTER ACTUARIAT,actif
ESILV MASTER ACTUARIAT,passif
ESILV MASTER ACTUARIAT,Asset Liability Management (ALM)
ESILV MASTER ACTUARIAT,actuaire
ESILV MASTER ACTUARIAT,assurance
ESILV MASTER ACTUARIAT,Bâle 3
ESILV MASTER ACTUARIAT,bénéficiaire
ESILV MASTER ACTUARIAT,bilan
ESILV MASTER ACTUARIAT,prudentiel
ESILV MASTER ACTUARIAT,complémentaire
ESILV MASTER ACTUARIAT,comptes
ESILV MASTER ACTUARIAT,contrat
ESILV MASTER ACTUARIAT,convention
ESILV MASTER ACTUARIAT,coût
ESILV MASTER ACTUARIAT,droit
ESILV MASTER ACTUARIAT,engagement
ESILV MASTER ACTUARIAT,fonds
ESILV MASTER ACTUARIAT,marge
ESILV MASTER ACTUARIAT,ORSA (Own Risk and Solvency Assessment)
ESILV MASTER ACTUARIAT,provision
ESILV MASTER ACTUARIAT,prime
ESILV MASTER ACTUARIAT,PEE
ESILV MASTER ACTUARIAT,épargne
ESILV MASTER ACTUARIAT,sinistre
ESILV MASTER ACTUARIAT,solvabilité
ESILV MASTER ACTUARIAT,secteur 1
ESILV MASTER ACTUARIAT,secteur 2
ESILV MASTER ACTUARIAT,SGDR
ESILV MASTER ACTUARIAT,taux
ESILV MASTER ACTUARIAT,taxe
ESILV MASTER ACTUARIAT,tier
ESILV MASTER FINTECH,Ingénieur
ESILV MASTER FINTECH,Machine Learning
ESILV MASTER FINTECH,Intelligence artificielle
ESILV MASTER FINTECH,Analyse de données – Big Data
ESILV MASTER FINTECH,Finance de marché
ESILV MASTER FINTECH,Économie des banques et de l’assurance
ESILV MASTER FINTECH,Cryptographie
ESILV MASTER FINTECH,Blockchain
ESILV MASTER FINTECH,Monnaies numériques
ESILV MASTER FINTECH,Développement d’applications pour la finance
ESILV MASTER FINTECH,Développement mobile et web
ESILV MASTER FINTECH,Crypto
ESILV MASTER FINTECH,Risque
ESILV MASTER FINTECH,Model
ESILV MASTER FINTECH,client
ESILV MASTER FINTECH,Power BI
ESILV MASTER FINTECH,Excel
ESILV MASTER FINTECH,VBA
ESILV MASTER FINTECH,KPI
ESILV MASTER FINTECH,finance
ESILV MASTER FINTECH,technologies
ESILV MASTER FINTECH,financier
ESILV MASTER FINTECH,bancaire
ESILV MASTER FINTECH,coût
ESILV MASTER FINTECH,API
ESILV MASTER FINTECH,interface
ESILV MASTER FINTECH,factures
ESILV MASTER FINTECH,stockage
ESILV MASTER FINTECH,transaction
ESILV MASTER FINTECH,livre de compte
ESILV MASTER FINTECH,opérations
ESILV MASTER FINTECH,chaine
ESILV MASTER FINTECH,block
ESILV MASTER FINTECH,Bitcoin
ESILV MASTER FINTECH,devise
ESILV MASTER FINTECH,monétaire
ESILV MASTER FINTECH,paiement
ESILV MASTER FINTECH,miner
ESILV MASTER FINTECH,wallet
ESILV MASTER FINTECH,banking
ESILV MASTER FINTECH,SaaS
ESILV MASTER FINTECH,BaaS
ESILV MASTER FINTECH,monnaie
ESILV MASTER FINTECH,KYC
ESILV MASTER FINTECH,conformité
ESILV MASTER FINTECH,fraude
ESILV MASTER FINTECH,fiscale
ESILV MASTER FINTECH,Spendesk
ESILV MASTER FINTECH,superviser
ESILV MASTER FINTECH,achat
ESILV MASTER FINTECH,comptable
ESILV MASTER OBJETS CONNECTÉS ET CYBERSÉCURITÉ,Intelligence Artificielle
ESILV MASTER OBJETS CONNECTÉS ET CYBERSÉCURITÉ,Objets intelligents
ESILV MASTER OBJETS CONNECTÉS ET CYBERSÉCURITÉ,Développement d’applications sécurisées
ESILV MASTER OBJETS CONNECTÉS ET CYBERSÉCURITÉ,Réseaux et télécommunications
ESILV MASTER OBJETS CONNECTÉS ET CYBERSÉCURITÉ,Architectures systèmes et systèmes embarqués
ESILV MASTER OBJETS CONNECTÉS ET CYBERSÉCURITÉ,Protocoles
ESILV MASTER OBJETS CONNECTÉS ET CYBERSÉCURITÉ,Cloud et web services pour l’IoT
ESILV MASTER OBJETS CONNECTÉS ET CYBERSÉCURITÉ,Conception d’architectures sécurisées
ESILV MASTER OBJETS CONNECTÉS ET CYBERSÉCURITÉ,Gouvernance des données
ESILV MASTER OBJETS CONNECTÉS ET CYBERSÉCURITÉ,Règlementation
ESILV MASTER OBJETS CONNECTÉS ET CYBERSÉCURITÉ,RGPD
ESILV MASTER OBJETS CONNECTÉS ET CYBERSÉCURITÉ,Cyber-résilience
ESILV MASTER OBJETS CONNECTÉS ET CYBERSÉCURITÉ,Gestion de risque
ESILV MASTER OBJETS CONNECTÉS ET CYBERSÉCURITÉ,C#
ESILV MASTER OBJETS CONNECTÉS ET CYBERSÉCURITÉ,C++
ESILV MASTER OBJETS CONNECTÉS ET CYBERSÉCURITÉ,Java
ESILV MASTER OBJETS CONNECTÉS ET CYBERSÉCURITÉ,Python
ESILV MASTER OBJETS CONNECTÉS ET CYBERSÉCURITÉ,optimisation
ESILV MASTER OBJETS CONNECTÉS ET CYBERSÉCURITÉ,robot
ESILV MASTER OBJETS CONNECTÉS ET CYBERSÉCURITÉ,interface
ESILV MASTER OBJETS CONNECTÉS ET CYBERSÉCURITÉ,attaque
ESILV MASTER OBJETS CONNECTÉS ET CYBERSÉCURITÉ,procédure
ESILV MASTER OBJETS CONNECTÉS ET CYBERSÉCURITÉ,systèmes embarqués
ESILV MASTER OBJETS CONNECTÉS ET CYBERSÉCURITÉ,développement
ESILV MASTER OBJETS CONNECTÉS ET CYBERSÉCURITÉ,sécurisés
ESILV MASTER OBJETS CONNECTÉS ET CYBERSÉCURITÉ,Forensic
ESILV MASTER OBJETS CONNECTÉS ET CYBERSÉCURITÉ,réseau
ESILV MASTER OBJETS CONNECTÉS ET CYBERSÉCURITÉ,IoT
ESILV MASTER OBJETS CONNECTÉS ET CYBERSÉCURITÉ,Architecture
ESILV MASTER OBJETS CONNECTÉS ET CYBERSÉCURITÉ,Virtualisation
ESILV MASTER OBJETS CONNECTÉS ET CYBERSÉCURITÉ,Reverse Engineering
ESILV MASTER OBJETS CONNECTÉS ET CYBERSÉCURITÉ,audits
ESILV MASTER OBJETS CONNECTÉS ET CYBERSÉCURITÉ,tests d'intrusions
ESILV MASTER OBJETS CONNECTÉS ET CYBERSÉCURITÉ,cyber-sécurité
ESILV MASTER OBJETS CONNECTÉS ET CYBERSÉCURITÉ,applications
ESILV MASTER OBJETS CONNECTÉS ET CYBERSÉCURITÉ,OS Hardening
ESILV MASTER OBJETS CONNECTÉS ET CYBERSÉCURITÉ,IOT
ESILV MASTER OBJETS CONNECTÉS ET CYBERSÉCURITÉ,micro-contrôleur
ESILV MASTER DATA ET INTELLIGENCE ARTIFICIELLE,Preprocessing
ESILV MASTER DATA ET INTELLIGENCE ARTIFICIELLE,NLP
ESILV MASTER DATA ET INTELLIGENCE ARTIFICIELLE,Computer Vision
ESILV MASTER DATA ET INTELLIGENCE ARTIFICIELLE,Réseau de neurones
ESILV MASTER DATA ET INTELLIGENCE ARTIFICIELLE,SPARQL
ESILV MASTER DATA ET INTELLIGENCE ARTIFICIELLE,Power BI
ESILV MASTER DATA ET INTELLIGENCE ARTIFICIELLE,Data
ESILV MASTER DATA ET INTELLIGENCE ARTIFICIELLE,Data visualization
ESILV MASTER DATA ET INTELLIGENCE ARTIFICIELLE,Data Analyst
ESILV MASTER DATA ET INTELLIGENCE ARTIFICIELLE,Machine Learning
ESILV MASTER DATA ET INTELLIGENCE ARTIFICIELLE,Mathématiques pour la data science
ESILV MASTER DATA ET INTELLIGENCE ARTIFICIELLE,Deep Learning
ESILV MASTER DATA ET INTELLIGENCE ARTIFICIELLE,Visualisation de données
ESILV MASTER DATA ET INTELLIGENCE ARTIFICIELLE,Intelligence Artificielle
ESILV MASTER DATA ET INTELLIGENCE ARTIFICIELLE,IA
ESILV MASTER DATA ET INTELLIGENCE ARTIFICIELLE,Modèles prédictifs
ESILV MASTER DATA ET INTELLIGENCE ARTIFICIELLE,Bases de données relationnelles
ESILV MASTER DATA ET INTELLIGENCE ARTIFICIELLE,Data scientist
ESILV MASTER DATA ET INTELLIGENCE ARTIFICIELLE,NoSQL
ESILV MASTER DATA ET INTELLIGENCE ARTIFICIELLE,Développement d’applications avancé
ESILV MASTER DATA ET INTELLIGENCE ARTIFICIELLE,Big Data
ESILV MASTER DATA ET INTELLIGENCE ARTIFICIELLE,Data Lake
ESILV MASTER DATA ET INTELLIGENCE ARTIFICIELLE,Gestion de projets IT et agilité
ESILV MASTER DATA ET INTELLIGENCE ARTIFICIELLE,Cloud computing
ESILV MASTER DATA ET INTELLIGENCE ARTIFICIELLE,Datacenter/big data
ESILV MASTER DATA ET INTELLIGENCE ARTIFICIELLE,SQL
ESILV MASTER DATA ET INTELLIGENCE ARTIFICIELLE,LLM
ESILV MASTER DATA ET INTELLIGENCE ARTIFICIELLE,TensorFlow
ESILV MASTER DATA ET INTELLIGENCE ARTIFICIELLE,MLOPS
ESILV MASTER DATA ET INTELLIGENCE ARTIFICIELLE,docker
ESILV MASTER DATA ET INTELLIGENCE ARTIFICIELLE,Bibliothèque
ESILV MASTER DATA ET INTELLIGENCE ARTIFICIELLE,Webscrapping
ESILV MASTER DATA ET INTELLIGENCE ARTIFICIELLE,Prediction
ESILV MASTER DATA ET INTELLIGENCE ARTIFICIELLE,model
ESILV MASTER DATA ET INTELLIGENCE ARTIFICIELLE,analyse
ESILV MASTER DATA ET INTELLIGENCE ARTIFICIELLE,optimisation
ESILV MASTER DATA ET INTELLIGENCE ARTIFICIELLE,chatbot
ESILV MASTER DATA ET INTELLIGENCE ARTIFICIELLE,analyse prédictive
ESILV MASTER DATA ET INTELLIGENCE ARTIFICIELLE,Neural network
ESILV MASTER DATA ET INTELLIGENCE ARTIFICIELLE,algorithme
ESILV MASTER DATA ET INTELLIGENCE ARTIFICIELLE,apprentissage automatique
ESILV MASTER DATA ET INTELLIGENCE ARTIFICIELLE,Non-supervisé
ESILV MASTER DATA ET INTELLIGENCE ARTIFICIELLE,supervisé
ESILV MASTER DATA ET INTELLIGENCE ARTIFICIELLE,renforcement
ESILV MASTER DATA ET INTELLIGENCE ARTIFICIELLE,profond
ESILV MASTER DATA ET INTELLIGENCE ARTIFICIELLE,biais
ESILV MASTER DATA ET INTELLIGENCE ARTIFICIELLE,classification
ESILV MASTER DATA ET INTELLIGENCE ARTIFICIELLE,données
ESILV MASTER DATA ET INTELLIGENCE ARTIFICIELLE,entraînement
ESILV MASTER DATA ET INTELLIGENCE ARTIFICIELLE,éthique
ESILV MASTER DATA ET INTELLIGENCE ARTIFICIELLE,générative
ESILV MASTER DATA ET INTELLIGENCE ARTIFICIELLE,interprétabilité
ESILV MASTER DATA ET INTELLIGENCE ARTIFICIELLE,prédiction
ESILV MASTER DATA ET INTELLIGENCE ARTIFICIELLE,prompt
ESILV MASTER DATA ET INTELLIGENCE ARTIFICIELLE,réseau
ESILV MASTER DATA ET INTELLIGENCE ARTIFICIELLE,traitement
ESILV MASTER DATA ET INTELLIGENCE ARTIFICIELLE,transformers
ESILV MASTER DATA ET INTELLIGENCE ARTIFICIELLE,Pytorch
ESILV MASTER DATA ET INTELLIGENCE ARTIFICIELLE,scikit-learn
ESILV MASTER CYBER SÉCURITÉ ET CLOUD COMPUTING,Machine Learning
ESILV MASTER CYBER SÉCURITÉ ET CLOUD COMPUTING,Data science
ESILV MASTER CYBER SÉCURITÉ ET CLOUD COMPUTING,Cloud Computing
ESILV MASTER CYBER SÉCURITÉ ET CLOUD COMPUTING,Datacenters
ESILV MASTER CYBER SÉCURITÉ ET CLOUD COMPUTING,Secure System Design
ESILV MASTER CYBER SÉCURITÉ ET CLOUD COMPUTING,Secure Software Design
ESILV MASTER CYBER SÉCURITÉ ET CLOUD COMPUTING,Advanced software development
ESILV MASTER CYBER SÉCURITÉ ET CLOUD COMPUTING,Operating systems management
ESILV MASTER CYBER SÉCURITÉ ET CLOUD COMPUTING,Platform as a service
ESILV MASTER CYBER SÉCURITÉ ET CLOUD COMPUTING,Infrastructure as code
ESILV MASTER CYBER SÉCURITÉ ET CLOUD COMPUTING,Python
ESILV MASTER MODÉLISATION ET MÉCANIQUES NUMÉRIQUES,Modélisation et simulation numérique des structures
ESILV MASTER MODÉLISATION ET MÉCANIQUES NUMÉRIQUES,Modélisation des systèmes complexes et multidisciplinaires
ESILV MASTER MODÉLISATION ET MÉCANIQUES NUMÉRIQUES,Mécanique des fluides et turbulence
ESILV MASTER MODÉLISATION ET MÉCANIQUES NUMÉRIQUES,Aéroélasticité numérique
ESILV MASTER MODÉLISATION ET MÉCANIQUES NUMÉRIQUES,Dynamique des véhicules et systèmes de transmission
ESILV MASTER MODÉLISATION ET MÉCANIQUES NUMÉRIQUES,Conception assistée par ordinateur
ESILV MASTER MODÉLISATION ET MÉCANIQUES NUMÉRIQUES,Analyse numérique et simulation
ESILV MASTER MODÉLISATION ET MÉCANIQUES NUMÉRIQUES,Avionique et commande des systèmes
ESILV MASTER MODÉLISATION ET MÉCANIQUES NUMÉRIQUES,Mécanique du vol
ESILV MASTER MODÉLISATION ET MÉCANIQUES NUMÉRIQUES,Machine Learning
ESILV MASTER MODÉLISATION ET MÉCANIQUES NUMÉRIQUES,IA appliquée à l'industrie
ESILV MASTER MODÉLISATION ET MÉCANIQUES NUMÉRIQUES,Combustion
ESILV MASTER MODÉLISATION ET MÉCANIQUES NUMÉRIQUES,Physique
ESILV MASTER MODÉLISATION ET MÉCANIQUES NUMÉRIQUES,étude
ESILV MASTER MODÉLISATION ET MÉCANIQUES NUMÉRIQUES,matériaux
ESILV MASTER MODÉLISATION ET MÉCANIQUES NUMÉRIQUES,simulation
ESILV MASTER MODÉLISATION ET MÉCANIQUES NUMÉRIQUES,3D
ESILV MASTER MODÉLISATION ET MÉCANIQUES NUMÉRIQUES,maquette
ESILV MASTER MODÉLISATION ET MÉCANIQUES NUMÉRIQUES,résistance
ESILV MASTER MODÉLISATION ET MÉCANIQUES NUMÉRIQUES,aéronautique
ESILV MASTER MODÉLISATION ET MÉCANIQUES NUMÉRIQUES,spatial
ESILV MASTER MODÉLISATION ET MÉCANIQUES NUMÉRIQUES,automobile
ESILV MASTER MODÉLISATION ET MÉCANIQUES NUMÉRIQUES,conception
ESILV MASTER MODÉLISATION ET MÉCANIQUES NUMÉRIQUES,modélisation
ESILV MASTER MODÉLISATION ET MÉCANIQUES NUMÉRIQUES,composites
ESILV MASTER MODÉLISATION ET MÉCANIQUES NUMÉRIQUES,endommagement
ESILV MASTER MODÉLISATION ET MÉCANIQUES NUMÉRIQUES,complexe
ESILV MASTER MODÉLISATION ET MÉCANIQUES NUMÉRIQUES,turbulence
ESILV MASTER MODÉLISATION ET MÉCANIQUES NUMÉRIQUES,fluide
ESILV MASTER MODÉLISATION ET MÉCANIQUES NUMÉRIQUES,véhicule
ESILV MASTER MODÉLISATION ET MÉCANIQUES NUMÉRIQUES,transmission
ESILV MASTER MODÉLISATION ET MÉCANIQUES NUMÉRIQUES,architecture
ESILV MASTER MODÉLISATION ET MÉCANIQUES NUMÉRIQUES,autonomes
ESILV MASTER MODÉLISATION ET MÉCANIQUES NUMÉRIQUES,fabrication
ESILV MASTER MODÉLISATION ET MÉCANIQUES NUMÉRIQUES,calcul
ESILV MASTER MODÉLISATION ET MÉCANIQUES NUMÉRIQUES,scientifique
ESILV MASTER MODÉLISATION ET MÉCANIQUES NUMÉRIQUES,mesure
ESILV MASTER MODÉLISATION ET MÉCANIQUES NUMÉRIQUES,test
ESILV MASTER MODÉLISATION ET MÉCANIQUES NUMÉRIQUES,contrôle
ESILV MASTER INDUSTRIE & ROBOTIQUE,Modélisation et simulation des chaînes de fabrication
ESILV MASTER INDUSTRIE & ROBOTIQUE,Assemblage et logistique
ESILV MASTER INDUSTRIE & ROBOTIQUE,"Management, contrôle et optimisation des processus et des données industrielles"
ESILV MASTER INDUSTRIE & ROBOTIQUE,Product Lifecycle Management (PLM)
ESILV MASTER INDUSTRIE & ROBOTIQUE,Réalité virtuelle et réalité augmentée
ESILV MASTER INDUSTRIE & ROBOTIQUE,Fabrication additive
ESILV MASTER INDUSTRIE & ROBOTIQUE,Mécatronique
ESILV MASTER INDUSTRIE & ROBOTIQUE,Robotique
ESILV MASTER INDUSTRIE & ROBOTIQUE,Cobotique et IHM
ESILV MASTER INDUSTRIE & ROBOTIQUE,Systèmes embarqués
ESILV MASTER INDUSTRIE & ROBOTIQUE,Intelligence artificielle embarquée
ESILV MASTER INDUSTRIE & ROBOTIQUE,Internet industriel des objets
ESILV MASTER INDUSTRIE & ROBOTIQUE,Sûreté et sécurité
ESILV MASTER INDUSTRIE & ROBOTIQUE,chaîne fabrication
ESILV MASTER INDUSTRIE & ROBOTIQUE,assemblage
ESILV MASTER INDUSTRIE & ROBOTIQUE,logistique
ESILV MASTER INDUSTRIE & ROBOTIQUE,management
ESILV MASTER INDUSTRIE & ROBOTIQUE,processus
ESILV MASTER INDUSTRIE & ROBOTIQUE,industrielle
ESILV MASTER INDUSTRIE & ROBOTIQUE,PLM
ESILV MASTER INDUSTRIE & ROBOTIQUE,product
ESILV MASTER INDUSTRIE & ROBOTIQUE,lifecycle
ESILV MASTER INDUSTRIE & ROBOTIQUE,lean management
ESILV MASTER INDUSTRIE & ROBOTIQUE,IoT
ESILV MASTER INDUSTRIE & ROBOTIQUE,réalité
ESILV MASTER INDUSTRIE & ROBOTIQUE,virtuelle
ESILV MASTER INDUSTRIE & ROBOTIQUE,augmentée
ESILV MASTER INDUSTRIE & ROBOTIQUE,innovation
ESILV MASTER INDUSTRIE & ROBOTIQUE,technologies
ESILV MASTER INDUSTRIE & ROBOTIQUE,impression 3D
ESILV MASTER INDUSTRIE & ROBOTIQUE,cobotique
ESILV MASTER INDUSTRIE & ROBOTIQUE,digital
ESILV MASTER INDUSTRIE & ROBOTIQUE,qualité
ESILV MASTER INDUSTRIE & ROBOTIQUE,maintenance
ESILV MASTER INDUSTRIE & ROBOTIQUE,process
ESILV MASTER INDUSTRIE & ROBOTIQUE,méthodes
ESILV MASTER INDUSTRIE & ROBOTIQUE,production
ESILV MASTER INDUSTRIE & ROBOTIQUE,industriel
ESILV MASTER ÉNERGIE & VILLES DURABLES,Mécanique des fluides numérique
ESILV MASTER ÉNERGIE & VILLES DURABLES,Transferts thermiques
ESILV MASTER ÉNERGIE & VILLES DURABLES,Énergies renouvelables
ESILV MASTER ÉNERGIE & VILLES DURABLES,Réseaux électriques
ESILV MASTER ÉNERGIE & VILLES DURABLES,Smart Grids
ESILV MASTER ÉNERGIE & VILLES DURABLES,IoT pour la Smart City
ESILV MASTER ÉNERGIE & VILLES DURABLES,Machine Learning
ESILV MASTER ÉNERGIE & VILLES DURABLES,Visualisation de données
ESILV MASTER ÉNERGIE & VILLES DURABLES,Building Information Modeling (BIM)
ESILV MASTER ÉNERGIE & VILLES DURABLES,Mix énergétique et décarbonisation
ESILV MASTER ÉNERGIE & VILLES DURABLES,Efficacité énergétique des bâtiments
ESILV MASTER ÉNERGIE & VILLES DURABLES,Gestion des projets durables
ESILV MASTER ÉNERGIE & VILLES DURABLES,Accompagnement du changement
ESILV MASTER ÉNERGIE & VILLES DURABLES,Écoconception
ESILV MASTER ÉNERGIE & VILLES DURABLES,Géopolitique de l'énergie
ESILV MASTER ÉNERGIE & VILLES DURABLES,mécanique
ESILV MASTER ÉNERGIE & VILLES DURABLES,fluide
ESILV MASTER ÉNERGIE & VILLES DURABLES,numérique
ESILV MASTER ÉNERGIE & VILLES DURABLES,transferts
ESILV MASTER ÉNERGIE & VILLES DURABLES,thermiques
ESILV MASTER ÉNERGIE & VILLES DURABLES,énergies
ESILV MASTER ÉNERGIE & VILLES DURABLES,renouvelables
ESILV MASTER ÉNERGIE & VILLES DURABLES,réseaux électriques
ESILV MASTER ÉNERGIE & VILLES DURABLES,smart grids
ESILV MASTER ÉNERGIE & VILLES DURABLES,IoT
ESILV MASTER ÉNERGIE & VILLES DURABLES,smart city
ESILV MASTER ÉNERGIE & VILLES DURABLES,ML
ESILV MASTER ÉNERGIE & VILLES DURABLES,visualisation des données
ESILV MASTER ÉNERGIE & VILLES DURABLES,BIM
ESILV MASTER ÉNERGIE & VILLES DURABLES,énergétique
ESILV MASTER ÉNERGIE & VILLES DURABLES,décarbonisation
ESILV MASTER ÉNERGIE & VILLES DURABLES,efficacité
ESILV MASTER ÉNERGIE & VILLES DURABLES,bâtiment
ESILV MASTER ÉNERGIE & VILLES DURABLES,durable
ESILV MASTER ÉNERGIE & VILLES DURABLES,renouvelable
ESILV MASTER ÉNERGIE & VILLES DURABLES,accompagnement
ESILV MASTER ÉNERGIE & VILLES DURABLES,changement
ESILV MASTER ÉNERGIE & VILLES DURABLES,vert
ESILV MASTER ÉNERGIE & VILLES DURABLES,géopolitique
ESILV MASTER ÉNERGIE & VILLES DURABLES,environnement
ESILV MASTER ÉNERGIE & VILLES DURABLES,RSE
ESILV MASTER ÉNERGIE & VILLES DURABLES,R&D
ESILV MASTER ÉNERGIE & VILLES DURABLES,EnR
ESILV MASTER ÉNERGIE & VILLES DURABLES,photovoltaïque
ESILV MASTER ÉNERGIE & VILLES DURABLES,HydroPower
ESILV MASTER ÉNERGIE & VILLES DURABLES,Bio
ESILV MASTER SANTÉ BIOTECH,Machine Learning
ESILV MASTER SANTÉ BIOTECH,Intelligence artificielle
ESILV MASTER SANTÉ BIOTECH,Big data
ESILV MASTER SANTÉ BIOTECH,Bio-informatique
ESILV MASTER SANTÉ BIOTECH,Neuro-ingénierie
ESILV MASTER SANTÉ BIOTECH,Système d’informations et réseaux de santé
ESILV MASTER SANTÉ BIOTECH,Bioéthique
ESILV MASTER SANTÉ BIOTECH,Normes et réglementations
ESILV MASTER SANTÉ BIOTECH,Traitement du signal et d’images
ESILV MASTER SANTÉ BIOTECH,Optoélectronique
ESILV MASTER SANTÉ BIOTECH,Mécatronique
ESILV MASTER SANTÉ BIOTECH,IoT
ESILV MASTER SANTÉ BIOTECH,Santé connectée
ESILV MASTER SANTÉ BIOTECH,Économie de la santé
ESILV MASTER SANTÉ BIOTECH,Sciences du vivant
ESILV MASTER CREATIVE TECHNOLOGY ENGINEER,développement de produits
ESILV MASTER CREATIVE TECHNOLOGY ENGINEER,conception
ESILV MASTER CREATIVE TECHNOLOGY ENGINEER,stratégie marketing
ESILV MASTER CREATIVE TECHNOLOGY ENGINEER,UX design
ESILV MASTER CREATIVE TECHNOLOGY ENGINEER,architecture informatique
ESILV MASTER CREATIVE TECHNOLOGY ENGINEER,développement de la recherche
ESILV MASTER CREATIVE TECHNOLOGY ENGINEER,conception et fabrication de produits et logiciels
ESILV MASTER CREATIVE TECHNOLOGY ENGINEER,campagnes de financement
ESILV MASTER CREATIVE TECHNOLOGY ENGINEER,architecture informatique et réseaux
ESILV MASTER CREATIVE TECHNOLOGY ENGINEER,UX design et comportement consommateur
ESILV MASTER CREATIVE TECHNOLOGY ENGINEER,campagne
ESILV MASTER CREATIVE TECHNOLOGY ENGINEER,financement
ESILV MASTER CREATIVE TECHNOLOGY ENGINEER,Kickstarter
ESILV MASTER CREATIVE TECHNOLOGY ENGINEER,initiation
ESILV MASTER CREATIVE TECHNOLOGY ENGINEER,recherche
ESILV MASTER CREATIVE TECHNOLOGY ENGINEER,scientifique
ESILV MASTER CREATIVE TECHNOLOGY ENGINEER,innovation
ESILV MASTER CREATIVE TECHNOLOGY ENGINEER,disruptifs
ESILV MASTER CREATIVE TECHNOLOGY ENGINEER,fabrication
ESILV MASTER CREATIVE TECHNOLOGY ENGINEER,électronique
ESILV MASTER CREATIVE TECHNOLOGY ENGINEER,nouveau
ESILV MASTER CREATIVE TECHNOLOGY ENGINEER,VR
ESILV MASTER CREATIVE TECHNOLOGY ENGINEER,AR
ESILV MASTER CREATIVE TECHNOLOGY ENGINEER,XR
ESILV MASTER CREATIVE TECHNOLOGY ENGINEER,IA
ESILV MASTER CREATIVE TECHNOLOGY ENGINEER,technologies
ESILV MASTER CREATIVE TECHNOLOGY ENGINEER,biologique
ESILV MASTER CREATIVE TECHNOLOGY ENGINEER,vivant
ESILV MASTER CREATIVE TECHNOLOGY ENGINEER,réseaux
ESILV MASTER CREATIVE TECHNOLOGY ENGINEER,programmation
ESILV MASTER CREATIVE TECHNOLOGY ENGINEER,système
ESILV MASTER CREATIVE TECHNOLOGY ENGINEER,embarqué
ESILV MASTER CREATIVE TECHNOLOGY ENGINEER,stratégie
ESILV MASTER CREATIVE TECHNOLOGY ENGINEER,marketing
ESILV MASTER CREATIVE TECHNOLOGY ENGINEER,consommateur
ESILV MASTER CREATIVE TECHNOLOGY ENGINEER,client
ESILV MASTER CREATIVE TECHNOLOGY ENGINEER,création
ESILV MASTER CREATIVE TECHNOLOGY ENGINEER,produit
ESILV MASTER CREATIVE TECHNOLOGY ENGINEER,designer
ESILV MASTER CREATIVE TECHNOLOGY ENGINEER,startup
ESILV BACHELOR INGÉNIERIE NUMÉRIQUE,Algorithmique et programmation
ESILV BACHELOR INGÉNIERIE NUMÉRIQUE,Programmation orientée objet
ESILV BACHELOR INGÉNIERIE NUMÉRIQUE,Bases de données et Big Data
ESILV BACHELOR INGÉNIERIE NUMÉRIQUE,Applications web et client-serveur
ESILV BACHELOR INGÉNIERIE NUMÉRIQUE,Réseaux et sécurité
ESILV BACHELOR INGÉNIERIE NUMÉRIQUE,Architecture et système
ESILV BACHELOR INGÉNIERIE NUMÉRIQUE,Intelligence artificielle
ESILV BACHELOR INGÉNIERIE NUMÉRIQUE,Cybersécurité
ESILV BACHELOR TECHNOLOGIE ET MANAGEMENT,Programmation
ESILV BACHELOR TECHNOLOGIE ET MANAGEMENT,Cloud
ESILV BACHELOR TECHNOLOGIE ET MANAGEMENT,Stratégie sociale media
ESILV BACHELOR TECHNOLOGIE ET MANAGEMENT,référencement
ESILV BACHELOR TECHNOLOGIE ET MANAGEMENT,réseaux sociaux
ESILV BACHELOR TECHNOLOGIE ET MANAGEMENT,UX design et Website conception
ESILV BACHELOR TECHNOLOGIE ET MANAGEMENT,Objets connectés
ESILV BACHELOR TECHNOLOGIE ET MANAGEMENT,Outils statistiques
ESILV BACHELOR TECHNOLOGIE ET MANAGEMENT,Excel
ESILV BACHELOR TECHNOLOGIE ET MANAGEMENT,Bases de données
ESILV BACHELOR TECHNOLOGIE ET MANAGEMENT,Big Data
ESILV BACHELOR TECHNOLOGIE ET MANAGEMENT,ERP
ESILV BACHELOR TECHNOLOGIE ET MANAGEMENT,SalesForce
ESILV BACHELOR TECHNOLOGIE ET MANAGEMENT,Data analytics & statistiques
ESILV BACHELOR TECHNOLOGIE ET MANAGEMENT,Data Vizualisation
IIM BACHELOR COMMUNICATION DIGITALE ET E BUSINESS,Gestion de projet
IIM BACHELOR COMMUNICATION DIGITALE ET E BUSINESS,Visual Design avec Photoshop
IIM BACHELOR COMMUNICATION DIGITALE ET E BUSINESS,Web marketing
IIM BACHELOR COMMUNICATION DIGITALE ET E BUSINESS,CRM et Data management
IIM BACHELOR COMMUNICATION DIGITALE ET E BUSINESS,Wireframing & Proto
IIM BACHELOR COMMUNICATION DIGITALE ET E BUSINESS,Video Marketing
IIM BACHELOR COMMUNICATION DIGITALE ET E BUSINESS,Social Ads
IIM BACHELOR COMMUNICATION DIGITALE ET E BUSINESS,Curation & Personal Branding
IIM BACHELOR COMMUNICATION DIGITALE ET E BUSINESS,Inbound Marketing
IIM BACHELOR COMMUNICATION DIGITALE ET E BUSINESS,Blogging & infographie
IIM BACHELOR COMMUNICATION DIGITALE ET E BUSINESS,Community management
IIM BACHELOR CRÉATION ET DESIGN,Visual Design avec Photoshop
IIM BACHELOR CRÉATION ET DESIGN,Digital publishing avec Indesign
IIM BACHELOR CRÉATION ET DESIGN,Fondamentaux UI/UX avec Adobe XD
IIM BACHELOR CRÉATION ET DESIGN,Motion design avec After Effects
IIM BACHELOR CRÉATION ET DESIGN,Graphic design avec Illustrator
IIM BACHELOR CRÉATION ET DESIGN,Dimension 3D
IIM BACHELOR CRÉATION ET DESIGN,Impression 3D
IIM BACHELOR CRÉATION ET DESIGN,Conception graphique
IIM BACHELOR CRÉATION ET DESIGN,Identité visuelle
IIM BACHELOR CRÉATION ET DESIGN,UX-UI webdesign
IIM BACHELOR CRÉATION ET DESIGN,Game art
IIM BACHELOR CRÉATION ET DESIGN,Storyboard
IIM BACHELOR CRÉATION ET DESIGN,Motion design
IIM BACHELOR CRÉATION ET DESIGN,Production et montage
IIM BACHELOR CRÉATION ET DESIGN,Objet connecté
IIM BACHELOR CRÉATION ET DESIGN,Innovation et design thinking
IIM BACHELOR CODING & DIGITAL INNOVATION,Html/Css/Jquery
IIM BACHELOR CODING & DIGITAL INNOVATION,Css/responsive
IIM BACHELOR CODING & DIGITAL INNOVATION,Php/Mysql
IIM BACHELOR CODING & DIGITAL INNOVATION,CSS – Layout Flex/Grid
IIM BACHELOR CODING & DIGITAL INNOVATION,CSS – Préprocesseur et utility first
IIM BACHELOR CODING & DIGITAL INNOVATION,React
IIM BACHELOR CODING & DIGITAL INNOVATION,Python
IIM BACHELOR CODING & DIGITAL INNOVATION,Django
IIM BACHELOR CODING & DIGITAL INNOVATION,Création d'API
IIM BACHELOR CODING & DIGITAL INNOVATION,Symfony
IIM BACHELOR CODING & DIGITAL INNOVATION,Node.js
IIM BACHELOR CODING & DIGITAL INNOVATION,Growth HackingArchitecture front-end
IIM BACHELOR CODING & DIGITAL INNOVATION,Intégration de maquettes
IIM BACHELOR CODING & DIGITAL INNOVATION,WordPress theming
IIM BACHELOR CODING & DIGITAL INNOVATION,Javascript
IIM BACHELOR CODING & DIGITAL INNOVATION,Vue.js
IIM BACHELOR CODING & DIGITAL INNOVATION,Algorithmique
IIM BACHELOR CODING & DIGITAL INNOVATION,Modélisation de base de données – SQL
IIM BACHELOR CODING & DIGITAL INNOVATION,Gestion de projet
IIM BACHELOR CODING & DIGITAL INNOVATION,Recettage projet
IIM BACHELOR CODING & DIGITAL INNOVATION,UX – Conception centrée utilisateur
IIM BACHELOR CODING & DIGITAL INNOVATION,Wireframes
IIM BACHELOR CODING & DIGITAL INNOVATION,Prototypage et bases de l'UI
IIM BACHELOR CODING & DIGITAL INNOVATION,UX-UI appliqué à la tech web
IIM BACHELOR CODING & DIGITAL INNOVATION,Design thinking
IIM BACHELOR CODING & DIGITAL INNOVATION,CSS
IIM MASTÈRE MARKETING ET COMMUNICATION DIGITALE,Marketing digital
IIM MASTÈRE MARKETING ET COMMUNICATION DIGITALE,Communication numérique
IIM MASTÈRE MARKETING ET COMMUNICATION DIGITALE,Stratégie digitale 360
IIM MASTÈRE MARKETING ET COMMUNICATION DIGITALE,SEO
IIM MASTÈRE MARKETING ET COMMUNICATION DIGITALE,Statistics & tools
IIM MASTÈRE MARKETING ET COMMUNICATION DIGITALE,Initiation Google Analytics
IIM MASTÈRE MARKETING ET COMMUNICATION DIGITALE,Data collect & Measure
IIM MASTÈRE MARKETING ET COMMUNICATION DIGITALE,UX Design
IIM MASTÈRE MARKETING ET COMMUNICATION DIGITALE,Facebook Ads
IIM MASTÈRE MARKETING ET COMMUNICATION DIGITALE,Social tools et E-Reputation
IIM MASTÈRE MARKETING ET COMMUNICATION DIGITALE,Google Ads
IIM MASTÈRE MARKETING ET COMMUNICATION DIGITALE,Social Media
IIM MASTÈRE MARKETING ET COMMUNICATION DIGITALE,Copywriting
IIM MASTÈRE MARKETING ET COMMUNICATION DIGITALE,Social Content
IIM MASTÈRE MARKETING ET COMMUNICATION DIGITALE,Gestion de projet : Agile et Scrum
IIM MASTÈRE MARKETING ET COMMUNICATION DIGITALE,Datastudio – Datavisualisation
IIM MASTÈRE STRATÉGIE SOCIAL MEDIA ET INFLUENCE,Stratégie digitale
IIM MASTÈRE STRATÉGIE SOCIAL MEDIA ET INFLUENCE,Pilotage des réseaux sociaux
IIM MASTÈRE STRATÉGIE SOCIAL MEDIA ET INFLUENCE,Gestion des contenus de la marque
IIM MASTÈRE STRATÉGIE SOCIAL MEDIA ET INFLUENCE,Marketing digital
IIM MASTÈRE STRATÉGIE SOCIAL MEDIA ET INFLUENCE,Dashboard et Dataviz
IIM MASTÈRE STRATÉGIE SOCIAL MEDIA ET INFLUENCE,Google Ads
IIM MASTÈRE STRATÉGIE SOCIAL MEDIA ET INFLUENCE,Digital Ads et Programmatic
IIM MASTÈRE STRATÉGIE SOCIAL MEDIA ET INFLUENCE,Social Tools
IIM MASTÈRE STRATÉGIE SOCIAL MEDIA ET INFLUENCE,Social Listening et ereputation
IIM MASTÈRE STRATÉGIE SOCIAL MEDIA ET INFLUENCE,Copy-writing
IIM MASTÈRE STRATÉGIE SOCIAL MEDIA ET INFLUENCE,UX Design
IIM MASTÈRE STRATÉGIE SOCIAL MEDIA ET INFLUENCE,Certification Google Analytics
IIM MASTÈRE STRATÉGIE SOCIAL MEDIA ET INFLUENCE,AB testing
IIM MASTÈRE STRATÉGIE SOCIAL MEDIA ET INFLUENCE,Digital Media Strategy
IIM MASTÈRE STRATÉGIE SOCIAL MEDIA ET INFLUENCE,Social Media Management
IIM MASTÈRE STRATÉGIE SOCIAL MEDIA ET INFLUENCE,Motion Design
IIM MASTÈRE STRATÉGIE SOCIAL MEDIA ET INFLUENCE,Social Content
IIM MASTÈRE STRATÉGIE ET E-BUSINESS,Développement web front office
IIM MASTÈRE STRATÉGIE ET E-BUSINESS,Fondamentaux du marketing digital
IIM MASTÈRE STRATÉGIE ET E-BUSINESS,Acquisition de trafic
IIM MASTÈRE STRATÉGIE ET E-BUSINESS,Social Content
IIM MASTÈRE STRATÉGIE ET E-BUSINESS,Gestion de projet : Design Thinking
IIM MASTÈRE STRATÉGIE ET E-BUSINESS,Data Strategy
IIM MASTÈRE STRATÉGIE ET E-BUSINESS,Statistics et Scoring
IIM MASTÈRE STRATÉGIE ET E-BUSINESS,Sales et Business Dev
IIM MASTÈRE STRATÉGIE ET E-BUSINESS,Business Design
IIM MASTÈRE STRATÉGIE ET E-BUSINESS,Growth Hacking Advanced
IIM MASTÈRE DEVELOPPEUR FULLSTACK,Back-end
IIM MASTÈRE DEVELOPPEUR FULLSTACK,Front-end
IIM MASTÈRE DEVELOPPEUR FULLSTACK,Développement web
IIM MASTÈRE DEVELOPPEUR FULLSTACK,Conception responsable
IIM MASTÈRE INGÉNIERIE WEB ET MOBILE,Ingénierie web et mobile
IIM MASTÈRE INGÉNIERIE WEB ET MOBILE,Symfony & API platform
IIM MASTÈRE INGÉNIERIE WEB ET MOBILE,Python
IIM MASTÈRE INGÉNIERIE WEB ET MOBILE,Node.js – Socket.io
IIM MASTÈRE INGÉNIERIE WEB ET MOBILE,Culture Devops
IIM MASTÈRE INGÉNIERIE WEB ET MOBILE,Docker et environnement web
IIM MASTÈRE INGÉNIERIE WEB ET MOBILE,Cloud (AWS / GCS / Azure)
IIM MASTÈRE INGÉNIERIE WEB ET MOBILE,Big Data & NoSQL
IIM MASTÈRE INGÉNIERIE WEB ET MOBILE,IA – Machine Learning
IIM MASTÈRE INGÉNIERIE WEB ET MOBILE,Spécialité Mobile et IOT
IIM MASTÈRE INGÉNIERIE WEB ET MOBILE,Réalité augmentée
IIM MASTÈRE INGÉNIERIE WEB ET MOBILE,Objets connectés
IIM MASTÈRE INGÉNIERIE WEB ET MOBILE,CSS/JS : Animations 2D
IIM MASTÈRE INGÉNIERIE WEB ET MOBILE,JS : Animation 3D
IIM MASTÈRE INGÉNIERIE WEB ET MOBILE,UI design
IIM MASTÈRE INGÉNIERIE WEB ET MOBILE,Creative Dev
IIM MASTÈRE INGÉNIERIE WEB ET MOBILE,Docker avancé
IIM MASTÈRE INGÉNIERIE WEB ET MOBILE,AdminSys
IIM MASTÈRE INGÉNIERIE WEB ET MOBILE,Google Cloud Services
IIM MASTÈRE INGÉNIERIE WEB ET MOBILE,Développement fullstack
IIM MASTÈRE INGÉNIERIE WEB ET MOBILE,Management de projet agile
IIM MASTÈRE INGÉNIERIE WEB ET MOBILE,Cloud
IIM MASTÈRE INGÉNIERIE WEB ET MOBILE,Environnement web et mobile
IIM MASTÈRE MANAGEMENT DE LA TRANSFORMATION DIGITALE,Agile et lean
IIM MASTÈRE MANAGEMENT DE LA TRANSFORMATION DIGITALE,Gestion de projet
IIM MASTÈRE MANAGEMENT DE LA TRANSFORMATION DIGITALE,UX & UI
IIM MASTÈRE MANAGEMENT DE LA TRANSFORMATION DIGITALE,Audit digital d'une organisation
IIM MASTÈRE MANAGEMENT DE LA TRANSFORMATION DIGITALE,Transformation digitale dans l'entreprise
IIM MASTÈRE MANAGEMENT DE LA TRANSFORMATION DIGITALE,De la big data à l'intelligence artificielle
IIM MASTÈRE MANAGEMENT DE LA TRANSFORMATION DIGITALE,Univers mobile et objets connectés
IIM MASTÈRE MANAGEMENT DE LA TRANSFORMATION DIGITALE,Projet d'ouverture à l'innovation
IIM MASTÈRE MANAGEMENT DE LA TRANSFORMATION DIGITALE,IA et Data Management
IIM MASTÈRE MANAGEMENT DE LA TRANSFORMATION DIGITALE,Conduite du changement et Innovation
IIM MASTÈRE INTERACTIVITÉ ET UX DESIGN,Ateliers UX
IIM MASTÈRE INTERACTIVITÉ ET UX DESIGN,Ergonomie et design
IIM MASTÈRE INTERACTIVITÉ ET UX DESIGN,Design de produit digitaux
IIM MASTÈRE INTERACTIVITÉ ET UX DESIGN,Gamification
IIM MASTÈRE INTERACTIVITÉ ET UX DESIGN,UI design
IIM MASTÈRE INTERACTIVITÉ ET UX DESIGN,Stratégie et marketing
IIM MASTÈRE INTERACTIVITÉ ET UX DESIGN,Datavisualisation
IIM MASTÈRE INTERACTIVITÉ ET UX DESIGN,Design interactif
IIM MASTÈRE INTERACTIVITÉ ET UX DESIGN,Prototypage XD
IIM MASTÈRE DIRECTION ARTISTIQUE,Charte graphique
IIM MASTÈRE DIRECTION ARTISTIQUE,Création visuelle
IIM MASTÈRE DIRECTION ARTISTIQUE,Communication visuelle
IIM MASTÈRE DIRECTION ARTISTIQUE,La publicité
IIM MASTÈRE DIRECTION ARTISTIQUE,L'impression
IIM MASTÈRE DIRECTION ARTISTIQUE,La photographie
IIM MASTÈRE DIRECTION ARTISTIQUE,L'illustration
IIM MASTÈRE DIRECTION ARTISTIQUE,Webdesign Viédo
IIM MASTÈRE DIRECTION ARTISTIQUE,Motion design
IIM MASTÈRE DIRECTION ARTISTIQUE,UX-UI designer
IIM MASTÈRE DIRECTION ARTISTIQUE,Design d'interaction
IIM MASTÈRE DIRECTION ARTISTIQUE,Web design
IIM MASTÈRE DIRECTION ARTISTIQUE,Communication visuelle
IIM MASTÈRE PRODUCT DESIGN UX-UI,Expérience utilisateur
IIM MASTÈRE PRODUCT DESIGN UX-UI,Prototypage
IIM MASTÈRE PRODUCT DESIGN UX-UI,Résolution de problèmes liés à un produit
IIM MASTÈRE PRODUCT DESIGN UX-UI,Conception et pilotage de stratégies de résolution de problème
IIM MASTÈRE PRODUCT DESIGN UX-UI,Innovation
IIM MASTÈRE RÉALISATION ET ANIMATION 3D,Concept art
IIM MASTÈRE RÉALISATION ET ANIMATION 3D,Paint over
IIM MASTÈRE RÉALISATION ET ANIMATION 3D,Animation avancée
IIM MASTÈRE RÉALISATION ET ANIMATION 3D,Story-board
IIM MASTÈRE RÉALISATION ET ANIMATION 3D,Animation 
IIM MASTÈRE RÉALISATION ET ANIMATION 3D,Matte painting
IIM MASTÈRE RÉALISATION ET ANIMATION 3D,VFX 2D
IIM MASTÈRE RÉALISATION ET ANIMATION 3D,Atelier de fabrication
IIM MASTÈRE RÉALISATION ET ANIMATION 3D,Finalisation de projets 3D
IIM MASTÈRE RÉALISATION ET ANIMATION 3D,Production 3D
IIM MASTÈRE GESTION DE PRODUCTION 3D,Gestion de projets numériques
IIM MASTÈRE GESTION DE PRODUCTION 3D,Gestion de production
IIM MASTÈRE PRODUCTION ET MARKETING DU JEU VIDÉO,Stratégie marketing
IIM MASTÈRE PRODUCTION ET MARKETING DU JEU VIDÉO,Trade marketing
IIM MASTÈRE PRODUCTION ET MARKETING DU JEU VIDÉO,Mobile publishing
IIM MASTÈRE PRODUCTION ET MARKETING DU JEU VIDÉO,Business models
IIM MASTÈRE PRODUCTION ET MARKETING DU JEU VIDÉO,Freetoplay
IIM MASTÈRE PRODUCTION ET MARKETING DU JEU VIDÉO,Analyse de données financières
IIM MASTÈRE PRODUCTION ET MARKETING DU JEU VIDÉO,Distribution
IIM MASTÈRE PRODUCTION ET MARKETING DU JEU VIDÉO,Droit – auteur/contrats
IIM MASTÈRE PRODUCTION ET MARKETING DU JEU VIDÉO,Marketing de jeux indé
IIM MASTÈRE PRODUCTION ET MARKETING DU JEU VIDÉO,Community Management
IIM MASTÈRE PRODUCTION ET MARKETING DU JEU VIDÉO,Brand Management
IIM MASTÈRE GAME ART,Direction artistique appliquée au jeu vidéo
IIM MASTÈRE GAME ART,Animation 2D
IIM MASTÈRE GAME ART,Effets spéciaux (FX)
IIM MASTÈRE GAME ART,Interface Utilisateurs (UI)
IIM MASTÈRE GAME ART,Animation 3D
IIM MASTÈRE GAME ART,Modélisation de personnages
IIM MASTÈRE GAME ART,Photoshop
IIM MASTÈRE GAME ART,Spine 2D
IIM MASTÈRE GAME ART,3DS Max
IIM MASTÈRE GAME ART,Zbrush
IIM MASTÈRE GAME ART,Houdini
IIM MASTÈRE GAME ART,Substance

IIM MASTÈRE GAME DESIGN,Game Design – Techniques avancées
IIM MASTÈRE GAME DESIGN,Level Design – Techniques avancées
IIM MASTÈRE GAME DESIGN,Open World
IIM MASTÈRE GAME DESIGN,Game As A Service
IIM MASTÈRE GAME DESIGN,GAAS
IIM MASTÈRE GAME DESIGN,Génération procédurale
IIM MASTÈRE GAME DESIGN,Design multijoueurs
IIM MASTÈRE GAME DESIGN,Publishing
IIM MASTÈRE GAME PROGRAMMING,Architecture
IIM MASTÈRE GAME PROGRAMMING,C++ avancé
IIM MASTÈRE GAME PROGRAMMING,Maths 2D/3D
IIM MASTÈRE GAME PROGRAMMING,3C
IIM MASTÈRE GAME PROGRAMMING,Gamefeel & juicyness
IIM MASTÈRE GAME PROGRAMMING,Optimisation
IIM MASTÈRE GAME PROGRAMMING,Multithreading
IIM MASTÈRE GAME PROGRAMMING,IA & Pathfinding
IIM MASTÈRE GAME PROGRAMMING,Rational Conception Process
IIM MASTÈRE GAME PROGRAMMING,Shaders et Génération de terrain
IIM MASTÈRE GAME PROGRAMMING,Intégration Steam
IIM MASTÈRE GAME PROGRAMMING,Wwise
DVEE EXECUTIVE BACHELOR COMMERCIAL GRANDS COMPTES,Négociation commerciale
DVEE EXECUTIVE BACHELOR COMMERCIAL GRANDS COMPTES,Analyse
DVEE EXECUTIVE BACHELOR COMMERCIAL GRANDS COMPTES,Post-contrat
DVEE EXECUTIVE BACHELOR COMMERCIAL GRANDS COMPTES,Marketing
DVEE EXECUTIVE BACHELOR COMMERCIAL GRANDS COMPTES,CRM
DVEE EXECUTIVE BACHELOR COMMERCIAL GRANDS COMPTES,Cross-selling et upselling
DVEE EXECUTIVE BACHELOR COMMERCIAL GRANDS COMPTES,Conception et pilotage d'un plan commercial
DVEE MBA MANAGEMENT DE LA CYBERSÉCURITÉ,Analyse des risques inhérents au système d'information d'une entreprise
DVEE MBA MANAGEMENT DE LA CYBERSÉCURITÉ,Conception et organisation de la sécurité des systèmes d'information
DVEE MBA MANAGEMENT DE LA CYBERSÉCURITÉ,Déploiement management et audit de la sécurité des systèmes d'information
DVEE MBA MANAGEMENT DE L'IA,Concepts et fondamentaux de l'IA
DVEE MBA MANAGEMENT DE L'IA,Aspects juridiques et éthiques de l'IA
DVEE MBA MANAGEMENT DE L'IA,Algorithmie et Data
DVEE MBA MANAGEMENT DE L'IA,La boite à outils du Manager IA
DVEE MBA MANAGEMENT DE L'IA,Enjeux du Calcul Haute Performance (HPC)
DVEE MBA MANAGEMENT DE L'IA,Transformation numérique et IA
DVEE MBA MARKETING DIGITAL ET COMMERCE SUR INTERNET,Gestion de projet
DVEE MBA MARKETING DIGITAL ET COMMERCE SUR INTERNET,Html
DVEE MBA MARKETING DIGITAL ET COMMERCE SUR INTERNET,UX
DVEE MBA MARKETING DIGITAL ET COMMERCE SUR INTERNET,UI
DVEE MBA MARKETING DIGITAL ET COMMERCE SUR INTERNET,Design thinking
DVEE MBA MARKETING DIGITAL ET COMMERCE SUR INTERNET,Agile
DVEE MBA MARKETING DIGITAL ET COMMERCE SUR INTERNET,WordPress
DVEE MBA MARKETING DIGITAL ET COMMERCE SUR INTERNET,Chatbot
DVEE MBA MARKETING DIGITAL ET COMMERCE SUR INTERNET,Digital Marketing SEO
DVEE MBA MARKETING DIGITAL ET COMMERCE SUR INTERNET,SEA
DVEE MBA MARKETING DIGITAL ET COMMERCE SUR INTERNET,SEM
DVEE MBA MARKETING DIGITAL ET COMMERCE SUR INTERNET,E-pub
DVEE MBA MARKETING DIGITAL ET COMMERCE SUR INTERNET,Social Ads
DVEE MBA MARKETING DIGITAL ET COMMERCE SUR INTERNET,Affiliation
DVEE MBA MARKETING DIGITAL ET COMMERCE SUR INTERNET,Email
DVEE MBA MARKETING DIGITAL ET COMMERCE SUR INTERNET,Audio et vidéo
DVEE MBA MARKETING DIGITAL ET COMMERCE SUR INTERNET,E-reputation
DVEE MBA MARKETING DIGITAL ET COMMERCE SUR INTERNET,Content Marketing
DVEE MBA MARKETING DIGITAL ET COMMERCE SUR INTERNET,E-commerce
DVEE MBA MARKETING DIGITAL ET COMMERCE SUR INTERNET,Prestashop
DVEE MBA MARKETING DIGITAL ET COMMERCE SUR INTERNET,Dropshipping
DVEE MBA MARKETING DIGITAL ET COMMERCE SUR INTERNET,Transfo digitale
DVEE MBA MARKETING DIGITAL ET COMMERCE SUR INTERNET,Sécurité
DVEE MBA MARKETING DIGITAL ET COMMERCE SUR INTERNET,Social selling
DVEE MBA MARKETING DIGITAL ET COMMERCE SUR INTERNET,Mobile marketing
DVEE MBA MARKETING DIGITAL ET COMMERCE SUR INTERNET,Mbusiness
DVEE MBA MARKETING DIGITAL ET COMMERCE SUR INTERNET,Mcommerce
DVEE MBA MARKETING DIGITAL ET COMMERCE SUR INTERNET,ASO
DVEE MBA MARKETING DIGITAL ET COMMERCE SUR INTERNET,Construire une apps
DVEE MBA MARKETING DIGITAL ET COMMERCE SUR INTERNET,UX mobile
DVEE MBA MARKETING DIGITAL ET COMMERCE SUR INTERNET,SmartData
DVEE MBA MARKETING DIGITAL ET COMMERCE SUR INTERNET,Data marketing
DVEE MBA MARKETING DIGITAL ET COMMERCE SUR INTERNET,DMP
DVEE MBA MARKETING DIGITAL ET COMMERCE SUR INTERNET,Open data
DVEE MBA MARKETING DIGITAL ET COMMERCE SUR INTERNET,Big Data
DVEE MBA MARKETING DIGITAL ET COMMERCE SUR INTERNET,Data Viz
DVEE MBA MARKETING DIGITAL ET COMMERCE SUR INTERNET,Google Analytics
DVEE MBA MARKETING DIGITAL ET COMMERCE SUR INTERNET,CRM
DVEE MBA AUDIT ET CONTRÔLE DE GESTION,Comptabilité financière
DVEE MBA AUDIT ET CONTRÔLE DE GESTION,Contrôle de gestion
DVEE MBA AUDIT ET CONTRÔLE DE GESTION,Analyse et de gestion financières
DVEE MBA AUDIT ET CONTRÔLE DE GESTION,Audit et le conseil
DVEE MBA AUDIT ET CONTRÔLE DE GESTION,L'utilisation de Power BI et de SAP FICO
DVEE MBA MANAGEMENT ET COMMUNICATION DE CRISE,Management et Communication de Crise
DVEE MBA MANAGEMENT ET COMMUNICATION DE CRISE,Savoir piloter une communication et une gestion de crise
DVEE MBA MANAGEMENT DE LA RSE ET PERFORMANCE DES ORGANISATIONS,Élaborer la stratégie de développement durable d'une organisation
DVEE MBA MANAGEMENT DE LA RSE ET PERFORMANCE DES ORGANISATIONS,Développer des modèles d'affaires durables
DVEE MBA MANAGEMENT DE LA RSE ET PERFORMANCE DES ORGANISATIONS,Mettre en oeuvre une politique de développement durable
DVEE MBA MANAGEMENT DE LA RSE ET PERFORMANCE DES ORGANISATIONS,Piloter et évaluer des projets de développement durable
DVEE MBA MANAGEMENT DE LA RSE ET PERFORMANCE DES ORGANISATIONS,Animer des communautés de développement durable RSE
DVEE MBA MANAGER DE LA SUPPLY CHAIN,Planification stratégique
DVEE MBA MANAGER DE LA SUPPLY CHAIN,Planification des ventes et des opérations (S&OP)
DVEE MBA MANAGER DE LA SUPPLY CHAIN,Approvisionnement & Management des commandes clients
DVEE MBA MANAGER DE LA SUPPLY CHAIN,Stratégie des achats
DVEE MBA MANAGER DE LA SUPPLY CHAIN,Procédures d'approvisionnement
DVEE MBA MANAGER DE LA SUPPLY CHAIN,Moyens de paiement et contrats
DVEE MBA MANAGER DE LA SUPPLY CHAIN,Management des commandes clients et de la relation clients
DVEE MBA MANAGER DE LA SUPPLY CHAIN,Production
DVEE MBA MANAGER DE LA SUPPLY CHAIN,Stockage et Distribution
DVEE MBA MANAGER DE LA SUPPLY CHAIN,Relations entre production et stockage
DVEE MBA MANAGER DE LA SUPPLY CHAIN,Management des inventaires
DVEE MBA MANAGER DE LA SUPPLY CHAIN,Management de stockage
DVEE MBA MANAGEMENT DES TRANSITIONS URBAINES,Analyser les problématiques urbaines d'un territoire et leurs dynamiques
DVEE MBA MANAGEMENT DES TRANSITIONS URBAINES,Elaborer une stratégie de ville intelligente et durable
DVEE MBA MANAGEMENT DES TRANSITIONS URBAINES,Mettre en oeuvre et piloter des projets
DVEE MBA MARKETING ET COMMUNICATION SANTÉ,Elaboration de la stratégie marketing
DVEE MBA MARKETING ET COMMUNICATION SANTÉ,Elaboration d'un plan de communication
DVEE MBA MARKETING ET COMMUNICATION SANTÉ,Communication corporate
DVEE MBA MARKETING ET COMMUNICATION SANTÉ,Communication innovation
DVEE MBA MARKETING ET COMMUNICATION SANTÉ,Développement des relations avec l'éco-système santé
DVEE MBA MARKETING ET COMMUNICATION SANTÉ,Santé sociale
DVEE MBA MARKETING ET COMMUNICATION SANTÉ,Santé digitale
DVEE MBA MARKETING ET COMMUNICATION SANTÉ,Santé et règlementation
DVEE MBA MARKETING ET COMMUNICATION SANTÉ,Management
DVEE MBA MANAGEMENT DES TRANSITIONS ENERGETIQUES,Elaborer une stratégie RSE
DVEE MBA MANAGEMENT DES TRANSITIONS ENERGETIQUES,Pilotage plan d'action RSE
DVEE MBA MANAGEMENT DES TRANSITIONS ENERGETIQUES,Manager des communautés
DVEE MBA MANAGER DES ACHATS,Management de la fonction achat
DVEE MBA MANAGER DES ACHATS,Management du processus achat amont
DVEE MBA MANAGER DES ACHATS,Performance de la chaine de valeur achat
DVEE MEDICAL SCIENCE LIAISON,Expertise scientifique
DVEE MEDICAL SCIENCE LIAISON,Communication scientifique et médicale et relations avec l'écosystème de santé
DVEE MEDICAL SCIENCE LIAISON,Vie du médicament
DVEE MEDICAL SCIENCE LIAISON,Etudes cliniques
DVEE MEDICAL SCIENCE LIAISON,Stratégie médicale régionale et gestion de projets
DVEE MEDICAL SCIENCE LIAISON,Réglementation et déontologie